epoch,step,loss,distance
1,1,-8.256860746769235e-05,8.256860746769235e-05
1,2,-8.098044781945646e-05,8.098044781945646e-05
1,3,-0.00021365347492974252,0.00021365347492974252
1,4,-0.0004938608035445213,0.0004938608035445213
1,5,-0.0009335885988548398,0.0009335885988548398
1,6,-0.0015859499108046293,0.0015859499108046293
1,7,-0.002334975404664874,0.002334975404664874
1,8,-0.003491744864732027,0.003491744864732027
1,9,-0.0045501310378313065,0.0045501310378313065
1,10,-0.0059463875368237495,0.0059463875368237495
1,11,-0.007467660121619701,0.007467660121619701
1,12,-0.00944121740758419,0.00944121740758419
1,13,-0.011302636936306953,0.011302636936306953
1,14,-0.012988567352294922,0.012988567352294922
1,15,-0.015458842739462852,0.015458842739462852
1,16,-0.01791609823703766,0.01791609823703766
1,17,-0.02104177325963974,0.02104177325963974
1,18,-0.02379874512553215,0.02379874512553215
1,19,-0.026427704840898514,0.026427704840898514
1,20,-0.031419213861227036,0.031419213861227036
1,21,-0.03360723331570625,0.03360723331570625
1,22,-0.03774557262659073,0.03774557262659073
1,23,-0.040626317262649536,0.040626317262649536
1,24,-0.04938317835330963,0.04938317835330963
1,25,-0.05082820728421211,0.05082820728421211
1,26,-0.05594393238425255,0.05594393238425255
1,27,-0.06057904660701752,0.06057904660701752
1,28,-0.06359471380710602,0.06359471380710602
1,29,-0.0701514184474945,0.0701514184474945
1,30,-0.07565063238143921,0.07565063238143921
1,31,-0.08076117187738419,0.08076117187738419
1,32,-0.0865822583436966,0.0865822583436966
1,33,-0.09214965999126434,0.09214965999126434
1,34,-0.09697738289833069,0.09697738289833069
1,35,-0.10557421296834946,0.10557421296834946
1,36,-0.11049492657184601,0.11049492657184601
1,37,-0.11533090472221375,0.11533090472221375
1,38,-0.12706118822097778,0.12706118822097778
1,39,-0.13263297080993652,0.13263297080993652
1,40,-0.13797584176063538,0.13797584176063538
1,41,-0.14651677012443542,0.14651677012443542
1,42,-0.1571141481399536,0.1571141481399536
1,0,nan,0.16123105138540267
2,1,-0.161391019821167,0.161391019821167
2,2,-0.16657805442810059,0.16657805442810059
2,3,-0.17950718104839325,0.17950718104839325
2,4,-0.18601557612419128,0.18601557612419128
2,5,-0.1967000514268875,0.1967000514268875
2,6,-0.1977592557668686,0.1977592557668686
2,7,-0.2071196436882019,0.2071196436882019
2,8,-0.2210310995578766,0.2210310995578766
2,9,-0.22321246564388275,0.22321246564388275
2,10,-0.2390080988407135,0.2390080988407135
2,11,-0.2486061006784439,0.2486061006784439
2,12,-0.25108957290649414,0.25108957290649414
2,13,-0.25767165422439575,0.25767165422439575
2,14,-0.2727362811565399,0.2727362811565399
2,15,-0.28616756200790405,0.28616756200790405
2,16,-0.2863527238368988,0.2863527238368988
2,17,-0.29435116052627563,0.29435116052627563
2,18,-0.3105485439300537,0.3105485439300537
2,19,-0.3085342347621918,0.3085342347621918
2,20,-0.32091227173805237,0.32091227173805237
2,21,-0.33313262462615967,0.33313262462615967
2,22,-0.3414899706840515,0.3414899706840515
2,23,-0.34967878460884094,0.34967878460884094
2,24,-0.34997957944869995,0.34997957944869995
2,25,-0.37281227111816406,0.37281227111816406
2,26,-0.36641764640808105,0.36641764640808105
2,27,-0.37714654207229614,0.37714654207229614
2,28,-0.3818995952606201,0.3818995952606201
2,29,-0.3984830379486084,0.3984830379486084
2,30,-0.41729795932769775,0.41729795932769775
2,31,-0.41582542657852173,0.41582542657852173
2,32,-0.4246373474597931,0.4246373474597931
2,33,-0.42635270953178406,0.42635270953178406
2,34,-0.42912691831588745,0.42912691831588745
2,35,-0.4559451937675476,0.4559451937675476
2,36,-0.44376140832901,0.44376140832901
2,37,-0.4697299599647522,0.4697299599647522
2,38,-0.4523617625236511,0.4523617625236511
2,39,-0.47835642099380493,0.47835642099380493
2,40,-0.47513318061828613,0.47513318061828613
2,41,-0.49064797163009644,0.49064797163009644
2,42,-0.49296990036964417,0.49296990036964417
2,0,nan,0.49636694192886355
3,1,-0.4856018126010895,0.4856018126010895
3,2,-0.5089585781097412,0.5089585781097412
3,3,-0.5221887826919556,0.5221887826919556
3,4,-0.5125166177749634,0.5125166177749634
3,5,-0.5303012132644653,0.5303012132644653
3,6,-0.5299137830734253,0.5299137830734253
3,7,-0.5290551781654358,0.5290551781654358
3,8,-0.5481081008911133,0.5481081008911133
3,9,-0.5417619943618774,0.5417619943618774
3,10,-0.5610821843147278,0.5610821843147278
3,11,-0.5554383993148804,0.5554383993148804
3,12,-0.5468693375587463,0.5468693375587463
3,13,-0.5648407936096191,0.5648407936096191
3,14,-0.5831006765365601,0.5831006765365601
3,15,-0.5638027191162109,0.5638027191162109
3,16,-0.5927397608757019,0.5927397608757019
3,17,-0.5931634902954102,0.5931634902954102
3,18,-0.5908499956130981,0.5908499956130981
3,19,-0.5893703699111938,0.5893703699111938
3,20,-0.5991026759147644,0.5991026759147644
3,21,-0.5830340385437012,0.5830340385437012
3,22,-0.6057905554771423,0.6057905554771423
3,23,-0.6115666627883911,0.6115666627883911
3,24,-0.6069991588592529,0.6069991588592529
3,25,-0.6020715236663818,0.6020715236663818
3,26,-0.6276819705963135,0.6276819705963135
3,27,-0.6250200271606445,0.6250200271606445
3,28,-0.6314202547073364,0.6314202547073364
3,29,-0.6223897337913513,0.6223897337913513
3,30,-0.6193389892578125,0.6193389892578125
3,31,-0.6508767604827881,0.6508767604827881
3,32,-0.6147605180740356,0.6147605180740356
3,33,-0.6448608040809631,0.6448608040809631
3,34,-0.630700945854187,0.630700945854187
3,35,-0.6435149908065796,0.6435149908065796
3,36,-0.6447895169258118,0.6447895169258118
3,37,-0.6639065742492676,0.6639065742492676
3,38,-0.653885006904602,0.653885006904602
3,39,-0.6554583311080933,0.6554583311080933
3,40,-0.6764991879463196,0.6764991879463196
3,41,-0.6514028310775757,0.6514028310775757
3,42,-0.6680567860603333,0.6680567860603333
3,0,nan,0.6639499366283417
4,1,-0.6692120432853699,0.6692120432853699
4,2,-0.6555696725845337,0.6555696725845337
4,3,-0.6804814338684082,0.6804814338684082
4,4,-0.6822330951690674,0.6822330951690674
4,5,-0.6570691466331482,0.6570691466331482
4,6,-0.6823187470436096,0.6823187470436096
4,7,-0.6784318685531616,0.6784318685531616
4,8,-0.7003116011619568,0.7003116011619568
4,9,-0.68315589427948,0.68315589427948
4,10,-0.6846210956573486,0.6846210956573486
4,11,-0.7142571210861206,0.7142571210861206
4,12,-0.6765884160995483,0.6765884160995483
4,13,-0.6947614550590515,0.6947614550590515
4,14,-0.6872652173042297,0.6872652173042297
4,15,-0.6858166456222534,0.6858166456222534
4,16,-0.7000843286514282,0.7000843286514282
4,17,-0.7013920545578003,0.7013920545578003
4,18,-0.6958639621734619,0.6958639621734619
4,19,-0.7081909775733948,0.7081909775733948
4,20,-0.6926404237747192,0.6926404237747192
4,21,-0.6891099214553833,0.6891099214553833
4,22,-0.7119169235229492,0.7119169235229492
4,23,-0.704929530620575,0.704929530620575
4,24,-0.6890964508056641,0.6890964508056641
4,25,-0.7138737440109253,0.7138737440109253
4,26,-0.7176837921142578,0.7176837921142578
4,27,-0.7098106145858765,0.7098106145858765
4,28,-0.7206724882125854,0.7206724882125854
4,29,-0.7164818644523621,0.7164818644523621
4,30,-0.7151935696601868,0.7151935696601868
4,31,-0.7199298739433289,0.7199298739433289
4,32,-0.7074229717254639,0.7074229717254639
4,33,-0.7112847566604614,0.7112847566604614
4,34,-0.7197526693344116,0.7197526693344116
4,35,-0.7060728073120117,0.7060728073120117
4,36,-0.7036735415458679,0.7036735415458679
4,37,-0.7186446785926819,0.7186446785926819
4,38,-0.7011270523071289,0.7011270523071289
4,39,-0.7233498096466064,0.7233498096466064
4,40,-0.7128776907920837,0.7128776907920837
4,41,-0.7407641410827637,0.7407641410827637
4,42,-0.7199795842170715,0.7199795842170715
4,0,nan,0.7262584805488587
5,1,-0.7161580920219421,0.7161580920219421
5,2,-0.7268229722976685,0.7268229722976685
5,3,-0.7372985482215881,0.7372985482215881
5,4,-0.7345840930938721,0.7345840930938721
5,5,-0.7326562404632568,0.7326562404632568
5,6,-0.7542950510978699,0.7542950510978699
5,7,-0.7284578680992126,0.7284578680992126
5,8,-0.7246506810188293,0.7246506810188293
5,9,-0.7576632499694824,0.7576632499694824
5,10,-0.7404346466064453,0.7404346466064453
5,11,-0.7435563802719116,0.7435563802719116
5,12,-0.748366117477417,0.748366117477417
5,13,-0.7394910454750061,0.7394910454750061
5,14,-0.7338369488716125,0.7338369488716125
5,15,-0.7387161254882812,0.7387161254882812
5,16,-0.7349193096160889,0.7349193096160889
5,17,-0.7140957117080688,0.7140957117080688
5,18,-0.7444211840629578,0.7444211840629578
5,19,-0.7335065603256226,0.7335065603256226
5,20,-0.7299614548683167,0.7299614548683167
5,21,-0.7421649694442749,0.7421649694442749
5,22,-0.7506800293922424,0.7506800293922424
5,23,-0.7400375008583069,0.7400375008583069
5,24,-0.7469045519828796,0.7469045519828796
5,25,-0.7610241174697876,0.7610241174697876
5,26,-0.7688612341880798,0.7688612341880798
5,27,-0.7524487376213074,0.7524487376213074
5,28,-0.7588168978691101,0.7588168978691101
5,29,-0.7330891489982605,0.7330891489982605
5,30,-0.7407019138336182,0.7407019138336182
5,31,-0.7479859590530396,0.7479859590530396
5,32,-0.7536575794219971,0.7536575794219971
5,33,-0.7416732311248779,0.7416732311248779
5,34,-0.7396520376205444,0.7396520376205444
5,35,-0.7404955625534058,0.7404955625534058
5,36,-0.7445110082626343,0.7445110082626343
5,37,-0.7515207529067993,0.7515207529067993
5,38,-0.7605750560760498,0.7605750560760498
5,39,-0.734803318977356,0.734803318977356
5,40,-0.7507904767990112,0.7507904767990112
5,41,-0.737846851348877,0.737846851348877
5,42,-0.7558737397193909,0.7558737397193909
5,0,nan,0.7545836329460144
6,1,-0.7666228413581848,0.7666228413581848
6,2,-0.7716719508171082,0.7716719508171082
6,3,-0.7552536725997925,0.7552536725997925
6,4,-0.7677021622657776,0.7677021622657776
6,5,-0.7656334638595581,0.7656334638595581
6,6,-0.7684656977653503,0.7684656977653503
6,7,-0.757701575756073,0.757701575756073
6,8,-0.7658206224441528,0.7658206224441528
6,9,-0.7424079179763794,0.7424079179763794
6,10,-0.7490341663360596,0.7490341663360596
6,11,-0.757225751876831,0.757225751876831
6,12,-0.7646828889846802,0.7646828889846802
6,13,-0.7492908239364624,0.7492908239364624
6,14,-0.7723818421363831,0.7723818421363831
6,15,-0.7574965357780457,0.7574965357780457
6,16,-0.7629947662353516,0.7629947662353516
6,17,-0.7734711170196533,0.7734711170196533
6,18,-0.7794918417930603,0.7794918417930603
6,19,-0.7545506954193115,0.7545506954193115
6,20,-0.7505106925964355,0.7505106925964355
6,21,-0.7616720795631409,0.7616720795631409
6,22,-0.7739816904067993,0.7739816904067993
6,23,-0.7664291262626648,0.7664291262626648
6,24,-0.7533372640609741,0.7533372640609741
6,25,-0.7488259077072144,0.7488259077072144
6,26,-0.7668493986129761,0.7668493986129761
6,27,-0.771213948726654,0.771213948726654
6,28,-0.7632843852043152,0.7632843852043152
6,29,-0.7752183079719543,0.7752183079719543
6,30,-0.7427757382392883,0.7427757382392883
6,31,-0.7654850482940674,0.7654850482940674
6,32,-0.7788669466972351,0.7788669466972351
6,33,-0.7691971063613892,0.7691971063613892
6,34,-0.763440728187561,0.763440728187561
6,35,-0.7549517750740051,0.7549517750740051
6,36,-0.7718700766563416,0.7718700766563416
6,37,-0.7723886370658875,0.7723886370658875
6,38,-0.7517849206924438,0.7517849206924438
6,39,-0.7599227428436279,0.7599227428436279
6,40,-0.7569208145141602,0.7569208145141602
6,41,-0.7767380475997925,0.7767380475997925
6,42,-0.7768589854240417,0.7768589854240417
6,0,nan,0.7701314151287079
7,1,-0.777815043926239,0.777815043926239
7,2,-0.7674562931060791,0.7674562931060791
7,3,-0.7721688747406006,0.7721688747406006
7,4,-0.761646032333374,0.761646032333374
7,5,-0.7466496229171753,0.7466496229171753
7,6,-0.7545261383056641,0.7545261383056641
7,7,-0.7678619623184204,0.7678619623184204
7,8,-0.7876514196395874,0.7876514196395874
7,9,-0.7645756006240845,0.7645756006240845
7,10,-0.746972918510437,0.746972918510437
7,11,-0.7727078199386597,0.7727078199386597
7,12,-0.7703942656517029,0.7703942656517029
7,13,-0.7899489402770996,0.7899489402770996
7,14,-0.7718809843063354,0.7718809843063354
7,15,-0.7698829770088196,0.7698829770088196
7,16,-0.755354642868042,0.755354642868042
7,17,-0.7974520921707153,0.7974520921707153
7,18,-0.7844452857971191,0.7844452857971191
7,19,-0.8007969856262207,0.8007969856262207
7,20,-0.7843608856201172,0.7843608856201172
7,21,-0.7900022268295288,0.7900022268295288
7,22,-0.786588191986084,0.786588191986084
7,23,-0.787025511264801,0.787025511264801
7,24,-0.7685819864273071,0.7685819864273071
7,25,-0.7751392126083374,0.7751392126083374
7,26,-0.7560315728187561,0.7560315728187561
7,27,-0.7669467926025391,0.7669467926025391
7,28,-0.7850725054740906,0.7850725054740906
7,29,-0.7904876470565796,0.7904876470565796
7,30,-0.7921770215034485,0.7921770215034485
7,31,-0.7920880317687988,0.7920880317687988
7,32,-0.773842453956604,0.773842453956604
7,33,-0.7641708254814148,0.7641708254814148
7,34,-0.769972562789917,0.769972562789917
7,35,-0.7762863039970398,0.7762863039970398
7,36,-0.7908650636672974,0.7908650636672974
7,37,-0.7789044380187988,0.7789044380187988
7,38,-0.7688512802124023,0.7688512802124023
7,39,-0.7670239210128784,0.7670239210128784
7,40,-0.7774143218994141,0.7774143218994141
7,41,-0.7761166095733643,0.7761166095733643
7,42,-0.7918015122413635,0.7918015122413635
7,0,nan,0.7798189520835876
8,1,-0.7735880613327026,0.7735880613327026
8,2,-0.7849804162979126,0.7849804162979126
8,3,-0.7953869104385376,0.7953869104385376
8,4,-0.7657521963119507,0.7657521963119507
8,5,-0.75895094871521,0.75895094871521
8,6,-0.7750368714332581,0.7750368714332581
8,7,-0.7907689809799194,0.7907689809799194
8,8,-0.7776798009872437,0.7776798009872437
8,9,-0.7967513799667358,0.7967513799667358
8,10,-0.7815507054328918,0.7815507054328918
8,11,-0.7723869681358337,0.7723869681358337
8,12,-0.7679221630096436,0.7679221630096436
8,13,-0.7856650948524475,0.7856650948524475
8,14,-0.7762017846107483,0.7762017846107483
8,15,-0.7741794586181641,0.7741794586181641
8,16,-0.7819274663925171,0.7819274663925171
8,17,-0.7903931140899658,0.7903931140899658
8,18,-0.7932432889938354,0.7932432889938354
8,19,-0.7689517140388489,0.7689517140388489
8,20,-0.7797224521636963,0.7797224521636963
8,21,-0.7748078107833862,0.7748078107833862
8,22,-0.7881600260734558,0.7881600260734558
8,23,-0.7887978553771973,0.7887978553771973
8,24,-0.8050715327262878,0.8050715327262878
8,25,-0.7781515121459961,0.7781515121459961
8,26,-0.7983546257019043,0.7983546257019043
8,27,-0.8012906312942505,0.8012906312942505
8,28,-0.7862970232963562,0.7862970232963562
8,29,-0.787855863571167,0.787855863571167
8,30,-0.7807372212409973,0.7807372212409973
8,31,-0.8041988611221313,0.8041988611221313
8,32,-0.7962735891342163,0.7962735891342163
8,33,-0.7504630088806152,0.7504630088806152
8,34,-0.7812783718109131,0.7812783718109131
8,35,-0.8023677468299866,0.8023677468299866
8,36,-0.7754209041595459,0.7754209041595459
8,37,-0.7959592938423157,0.7959592938423157
8,38,-0.7934204936027527,0.7934204936027527
8,39,-0.7644144296646118,0.7644144296646118
8,40,-0.788734495639801,0.788734495639801
8,41,-0.7729895710945129,0.7729895710945129
8,42,-0.7943006753921509,0.7943006753921509
8,0,nan,0.786062341928482
9,1,-0.8040376305580139,0.8040376305580139
9,2,-0.7730592489242554,0.7730592489242554
9,3,-0.7901865243911743,0.7901865243911743
9,4,-0.7916472554206848,0.7916472554206848
9,5,-0.7684492468833923,0.7684492468833923
9,6,-0.7914493680000305,0.7914493680000305
9,7,-0.7748254537582397,0.7748254537582397
9,8,-0.7876490950584412,0.7876490950584412
9,9,-0.7821714878082275,0.7821714878082275
9,10,-0.8034742474555969,0.8034742474555969
9,11,-0.7970287799835205,0.7970287799835205
9,12,-0.7918431758880615,0.7918431758880615
9,13,-0.7748234868049622,0.7748234868049622
9,14,-0.7846333980560303,0.7846333980560303
9,15,-0.7917377352714539,0.7917377352714539
9,16,-0.7729213237762451,0.7729213237762451
9,17,-0.8004101514816284,0.8004101514816284
9,18,-0.7878537178039551,0.7878537178039551
9,19,-0.7907458543777466,0.7907458543777466
9,20,-0.8011075258255005,0.8011075258255005
9,21,-0.7836377024650574,0.7836377024650574
9,22,-0.7871111631393433,0.7871111631393433
9,23,-0.7722293138504028,0.7722293138504028
9,24,-0.7885002493858337,0.7885002493858337
9,25,-0.7754911184310913,0.7754911184310913
9,26,-0.7959448099136353,0.7959448099136353
9,27,-0.7937653660774231,0.7937653660774231
9,28,-0.7840154767036438,0.7840154767036438
9,29,-0.7700995206832886,0.7700995206832886
9,30,-0.7951740026473999,0.7951740026473999
9,31,-0.7863029837608337,0.7863029837608337
9,32,-0.7966955304145813,0.7966955304145813
9,33,-0.8000001311302185,0.8000001311302185
9,34,-0.782538115978241,0.782538115978241
9,35,-0.7827882766723633,0.7827882766723633
9,36,-0.8064829111099243,0.8064829111099243
9,37,-0.7969399690628052,0.7969399690628052
9,38,-0.8003905415534973,0.8003905415534973
9,39,-0.7910466194152832,0.7910466194152832
9,40,-0.7954991459846497,0.7954991459846497
9,41,-0.7801942825317383,0.7801942825317383
9,42,-0.7978606224060059,0.7978606224060059
9,0,nan,0.7904478788375855
10,1,-0.7931690216064453,0.7931690216064453
10,2,-0.8057944178581238,0.8057944178581238
10,3,-0.7835718393325806,0.7835718393325806
10,4,-0.7845801115036011,0.7845801115036011
10,5,-0.7869446277618408,0.7869446277618408
10,6,-0.8079713582992554,0.8079713582992554
10,7,-0.801440417766571,0.801440417766571
10,8,-0.7928363084793091,0.7928363084793091
10,9,-0.786946177482605,0.786946177482605
10,10,-0.7836818099021912,0.7836818099021912
10,11,-0.803439736366272,0.803439736366272
10,12,-0.795189380645752,0.795189380645752
10,13,-0.8117307424545288,0.8117307424545288
10,14,-0.792587399482727,0.792587399482727
10,15,-0.7797876000404358,0.7797876000404358
10,16,-0.7980947494506836,0.7980947494506836
10,17,-0.804102897644043,0.804102897644043
10,18,-0.8101407289505005,0.8101407289505005
10,19,-0.7874407172203064,0.7874407172203064
10,20,-0.7816156148910522,0.7816156148910522
10,21,-0.7830226421356201,0.7830226421356201
10,22,-0.7862144112586975,0.7862144112586975
10,23,-0.7898021936416626,0.7898021936416626
10,24,-0.7800952792167664,0.7800952792167664
10,25,-0.7808641791343689,0.7808641791343689
10,26,-0.7962186336517334,0.7962186336517334
10,27,-0.7931254506111145,0.7931254506111145
10,28,-0.8101116418838501,0.8101116418838501
10,29,-0.7906465530395508,0.7906465530395508
10,30,-0.8017877340316772,0.8017877340316772
10,31,-0.799217164516449,0.799217164516449
10,32,-0.7888814806938171,0.7888814806938171
10,33,-0.7872242331504822,0.7872242331504822
10,34,-0.7969638109207153,0.7969638109207153
10,35,-0.8016039133071899,0.8016039133071899
10,36,-0.7980223298072815,0.7980223298072815
10,37,-0.7821602821350098,0.7821602821350098
10,38,-0.7687035799026489,0.7687035799026489
10,39,-0.7937253713607788,0.7937253713607788
10,40,-0.7806659936904907,0.7806659936904907
10,41,-0.814469575881958,0.814469575881958
10,42,-0.7633551955223083,0.7633551955223083
10,0,nan,0.7935621738433838
11,1,-0.7810651063919067,0.7810651063919067
11,2,-0.7959120273590088,0.7959120273590088
11,3,-0.7981547713279724,0.7981547713279724
11,4,-0.8161543011665344,0.8161543011665344
11,5,-0.7921844124794006,0.7921844124794006
11,6,-0.8046625852584839,0.8046625852584839
11,7,-0.7795764207839966,0.7795764207839966
11,8,-0.7744598388671875,0.7744598388671875
11,9,-0.7998983263969421,0.7998983263969421
11,10,-0.7867531776428223,0.7867531776428223
11,11,-0.798424243927002,0.798424243927002
11,12,-0.7821447849273682,0.7821447849273682
11,13,-0.7960359454154968,0.7960359454154968
11,14,-0.806997537612915,0.806997537612915
11,15,-0.8217374086380005,0.8217374086380005
11,16,-0.7993492484092712,0.7993492484092712
11,17,-0.7989976406097412,0.7989976406097412
11,18,-0.7845112085342407,0.7845112085342407
11,19,-0.7979000806808472,0.7979000806808472
11,20,-0.7921189069747925,0.7921189069747925
11,21,-0.8014383316040039,0.8014383316040039
11,22,-0.8059094548225403,0.8059094548225403
11,23,-0.795160710811615,0.795160710811615
11,24,-0.7775200605392456,0.7775200605392456
11,25,-0.8141456246376038,0.8141456246376038
11,26,-0.8028395175933838,0.8028395175933838
11,27,-0.7925357222557068,0.7925357222557068
11,28,-0.7939422130584717,0.7939422130584717
11,29,-0.8134078979492188,0.8134078979492188
11,30,-0.8103452920913696,0.8103452920913696
11,31,-0.8138465881347656,0.8138465881347656
11,32,-0.7889833450317383,0.7889833450317383
11,33,-0.783003032207489,0.783003032207489
11,34,-0.8110352754592896,0.8110352754592896
11,35,-0.810501754283905,0.810501754283905
11,36,-0.778748631477356,0.778748631477356
11,37,-0.7872753143310547,0.7872753143310547
11,38,-0.7954591512680054,0.7954591512680054
11,39,-0.7782124280929565,0.7782124280929565
11,40,-0.7924344539642334,0.7924344539642334
11,41,-0.7520650625228882,0.7520650625228882
11,42,-0.7930510640144348,0.7930510640144348
11,0,nan,0.7958856642246246
12,1,-0.7700943946838379,0.7700943946838379
12,2,-0.800156831741333,0.800156831741333
12,3,-0.8010085821151733,0.8010085821151733
12,4,-0.786651611328125,0.786651611328125
12,5,-0.7915244102478027,0.7915244102478027
12,6,-0.8153288960456848,0.8153288960456848
12,7,-0.7925358414649963,0.7925358414649963
12,8,-0.7838491201400757,0.7838491201400757
12,9,-0.8009927272796631,0.8009927272796631
12,10,-0.7738049030303955,0.7738049030303955
12,11,-0.7990260124206543,0.7990260124206543
12,12,-0.8160303235054016,0.8160303235054016
12,13,-0.8102135062217712,0.8102135062217712
12,14,-0.8178197145462036,0.8178197145462036
12,15,-0.8030304908752441,0.8030304908752441
12,16,-0.7926669120788574,0.7926669120788574
12,17,-0.8094059228897095,0.8094059228897095
12,18,-0.8119819760322571,0.8119819760322571
12,19,-0.7836853861808777,0.7836853861808777
12,20,-0.7849144339561462,0.7849144339561462
12,21,-0.7972993850708008,0.7972993850708008
12,22,-0.7839284539222717,0.7839284539222717
12,23,-0.7900042533874512,0.7900042533874512
12,24,-0.8031411170959473,0.8031411170959473
12,25,-0.8059624433517456,0.8059624433517456
12,26,-0.7811561226844788,0.7811561226844788
12,27,-0.7962689995765686,0.7962689995765686
12,28,-0.8102193474769592,0.8102193474769592
12,29,-0.8049095273017883,0.8049095273017883
12,30,-0.8023892045021057,0.8023892045021057
12,31,-0.7828794121742249,0.7828794121742249
12,32,-0.7935214042663574,0.7935214042663574
12,33,-0.7968637347221375,0.7968637347221375
12,34,-0.809045672416687,0.809045672416687
12,35,-0.8235787153244019,0.8235787153244019
12,36,-0.7924016714096069,0.7924016714096069
12,37,-0.8018503785133362,0.8018503785133362
12,38,-0.7992626428604126,0.7992626428604126
12,39,-0.8013290166854858,0.8013290166854858
12,40,-0.7897874116897583,0.7897874116897583
12,41,-0.7857965230941772,0.7857965230941772
12,42,-0.787666380405426,0.787666380405426
12,0,nan,0.7976075530052185
13,1,-0.7912197113037109,0.7912197113037109
13,2,-0.7935022711753845,0.7935022711753845
13,3,-0.7991070747375488,0.7991070747375488
13,4,-0.7894679307937622,0.7894679307937622
13,5,-0.7981002330780029,0.7981002330780029
13,6,-0.8058613538742065,0.8058613538742065
13,7,-0.8148626089096069,0.8148626089096069
13,8,-0.792153000831604,0.792153000831604
13,9,-0.7998409271240234,0.7998409271240234
13,10,-0.803013801574707,0.803013801574707
13,11,-0.7990579605102539,0.7990579605102539
13,12,-0.775087296962738,0.775087296962738
13,13,-0.801628053188324,0.801628053188324
13,14,-0.8185166120529175,0.8185166120529175
13,15,-0.8047265410423279,0.8047265410423279
13,16,-0.7811604738235474,0.7811604738235474
13,17,-0.7993375062942505,0.7993375062942505
13,18,-0.799849808216095,0.799849808216095
13,19,-0.8185448050498962,0.8185448050498962
13,20,-0.8066610097885132,0.8066610097885132
13,21,-0.7958619594573975,0.7958619594573975
13,22,-0.7831542491912842,0.7831542491912842
13,23,-0.7956490516662598,0.7956490516662598
13,24,-0.8249615430831909,0.8249615430831909
13,25,-0.7884496450424194,0.7884496450424194
13,26,-0.7991903424263,0.7991903424263
13,27,-0.7887818813323975,0.7887818813323975
13,28,-0.8161829710006714,0.8161829710006714
13,29,-0.7921949028968811,0.7921949028968811
13,30,-0.7832787036895752,0.7832787036895752
13,31,-0.8073586225509644,0.8073586225509644
13,32,-0.8016757965087891,0.8016757965087891
13,33,-0.8057450652122498,0.8057450652122498
13,34,-0.8144422173500061,0.8144422173500061
13,35,-0.7900614738464355,0.7900614738464355
13,36,-0.8214137554168701,0.8214137554168701
13,37,-0.7933852672576904,0.7933852672576904
13,38,-0.7864475846290588,0.7864475846290588
13,39,-0.7947384715080261,0.7947384715080261
13,40,-0.7894588708877563,0.7894588708877563
13,41,-0.7936643362045288,0.7936643362045288
13,42,-0.793355405330658,0.793355405330658
13,0,nan,0.7989575624465942
14,1,-0.7990200519561768,0.7990200519561768
14,2,-0.8088051080703735,0.8088051080703735
14,3,-0.8019214272499084,0.8019214272499084
14,4,-0.8023437261581421,0.8023437261581421
14,5,-0.7935757637023926,0.7935757637023926
14,6,-0.8113488554954529,0.8113488554954529
14,7,-0.8130927085876465,0.8130927085876465
14,8,-0.8033370971679688,0.8033370971679688
14,9,-0.814452052116394,0.814452052116394
14,10,-0.7915148735046387,0.7915148735046387
14,11,-0.8061370849609375,0.8061370849609375
14,12,-0.8101423978805542,0.8101423978805542
14,13,-0.7954851388931274,0.7954851388931274
14,14,-0.7881426811218262,0.7881426811218262
14,15,-0.8095254898071289,0.8095254898071289
14,16,-0.7689650058746338,0.7689650058746338
14,17,-0.7894973754882812,0.7894973754882812
14,18,-0.7977147102355957,0.7977147102355957
14,19,-0.7878096103668213,0.7878096103668213
14,20,-0.8042215704917908,0.8042215704917908
14,21,-0.7810207605361938,0.7810207605361938
14,22,-0.805150032043457,0.805150032043457
14,23,-0.8148021101951599,0.8148021101951599
14,24,-0.8092547059059143,0.8092547059059143
14,25,-0.7999153733253479,0.7999153733253479
14,26,-0.7919515371322632,0.7919515371322632
14,27,-0.8012481927871704,0.8012481927871704
14,28,-0.7972427606582642,0.7972427606582642
14,29,-0.8099544048309326,0.8099544048309326
14,30,-0.797547459602356,0.797547459602356
14,31,-0.7859050035476685,0.7859050035476685
14,32,-0.7918844223022461,0.7918844223022461
14,33,-0.7813574075698853,0.7813574075698853
14,34,-0.8076387643814087,0.8076387643814087
14,35,-0.8109370470046997,0.8109370470046997
14,36,-0.8023989796638489,0.8023989796638489
14,37,-0.8188465237617493,0.8188465237617493
14,38,-0.8027847409248352,0.8027847409248352
14,39,-0.798320472240448,0.798320472240448
14,40,-0.7945793867111206,0.7945793867111206
14,41,-0.8029512166976929,0.8029512166976929
14,42,-0.8031260967254639,0.8031260967254639
14,0,nan,0.8000553011894226
15,1,-0.7969069480895996,0.7969069480895996
15,2,-0.7946065664291382,0.7946065664291382
15,3,-0.7884472608566284,0.7884472608566284
15,4,-0.8147655725479126,0.8147655725479126
15,5,-0.8113869428634644,0.8113869428634644
15,6,-0.8002249002456665,0.8002249002456665
15,7,-0.8084108829498291,0.8084108829498291
15,8,-0.7871368527412415,0.7871368527412415
15,9,-0.8050156831741333,0.8050156831741333
15,10,-0.7886790037155151,0.7886790037155151
15,11,-0.8106904029846191,0.8106904029846191
15,12,-0.790603518486023,0.790603518486023
15,13,-0.8075879812240601,0.8075879812240601
15,14,-0.8100377917289734,0.8100377917289734
15,15,-0.7946165800094604,0.7946165800094604
15,16,-0.791390061378479,0.791390061378479
15,17,-0.773449182510376,0.773449182510376
15,18,-0.82332444190979,0.82332444190979
15,19,-0.8093270063400269,0.8093270063400269
15,20,-0.8117738962173462,0.8117738962173462
15,21,-0.7949753999710083,0.7949753999710083
15,22,-0.8089346885681152,0.8089346885681152
15,23,-0.7991416454315186,0.7991416454315186
15,24,-0.8016347289085388,0.8016347289085388
15,25,-0.8275426626205444,0.8275426626205444
15,26,-0.7853281497955322,0.7853281497955322
15,27,-0.7940170764923096,0.7940170764923096
15,28,-0.8012902736663818,0.8012902736663818
15,29,-0.8057339787483215,0.8057339787483215
15,30,-0.8131598830223083,0.8131598830223083
15,31,-0.8222943544387817,0.8222943544387817
15,32,-0.7825854420661926,0.7825854420661926
15,33,-0.7971034049987793,0.7971034049987793
15,34,-0.8006150722503662,0.8006150722503662
15,35,-0.7910987734794617,0.7910987734794617
15,36,-0.8139816522598267,0.8139816522598267
15,37,-0.7774686217308044,0.7774686217308044
15,38,-0.8057010173797607,0.8057010173797607
15,39,-0.7978271842002869,0.7978271842002869
15,40,-0.7965078353881836,0.7965078353881836
15,41,-0.8119430541992188,0.8119430541992188
15,42,-0.8006328344345093,0.8006328344345093
15,0,nan,0.8009577393531799
16,1,-0.8244674801826477,0.8244674801826477
16,2,-0.8130099773406982,0.8130099773406982
16,3,-0.8003814220428467,0.8003814220428467
16,4,-0.8087900876998901,0.8087900876998901
16,5,-0.7990560531616211,0.7990560531616211
16,6,-0.8019277453422546,0.8019277453422546
16,7,-0.7949170470237732,0.7949170470237732
16,8,-0.7863985896110535,0.7863985896110535
16,9,-0.809035062789917,0.809035062789917
16,10,-0.7845284938812256,0.7845284938812256
16,11,-0.808113694190979,0.808113694190979
16,12,-0.8025100231170654,0.8025100231170654
16,13,-0.8019331097602844,0.8019331097602844
16,14,-0.8024665117263794,0.8024665117263794
16,15,-0.8173466920852661,0.8173466920852661
16,16,-0.7986406087875366,0.7986406087875366
16,17,-0.8148521780967712,0.8148521780967712
16,18,-0.8056654930114746,0.8056654930114746
16,19,-0.7920989394187927,0.7920989394187927
16,20,-0.7979501485824585,0.7979501485824585
16,21,-0.7898157238960266,0.7898157238960266
16,22,-0.772273063659668,0.772273063659668
16,23,-0.8018477559089661,0.8018477559089661
16,24,-0.8073679208755493,0.8073679208755493
16,25,-0.8119817972183228,0.8119817972183228
16,26,-0.7976410984992981,0.7976410984992981
16,27,-0.7986270189285278,0.7986270189285278
16,28,-0.8118168115615845,0.8118168115615845
16,29,-0.7996357083320618,0.7996357083320618
16,30,-0.8182706832885742,0.8182706832885742
16,31,-0.7846852540969849,0.7846852540969849
16,32,-0.8234766721725464,0.8234766721725464
16,33,-0.7763718366622925,0.7763718366622925
16,34,-0.8044295310974121,0.8044295310974121
16,35,-0.8216590881347656,0.8216590881347656
16,36,-0.8012324571609497,0.8012324571609497
16,37,-0.8063126802444458,0.8063126802444458
16,38,-0.7855587005615234,0.7855587005615234
16,39,-0.796797513961792,0.796797513961792
16,40,-0.8087186813354492,0.8087186813354492
16,41,-0.8035593032836914,0.8035593032836914
16,42,-0.7973670959472656,0.7973670959472656
16,0,nan,0.8017676413059235
17,1,-0.7992207407951355,0.7992207407951355
17,2,-0.7928087115287781,0.7928087115287781
17,3,-0.7955611944198608,0.7955611944198608
17,4,-0.8008747100830078,0.8008747100830078
17,5,-0.8134898543357849,0.8134898543357849
17,6,-0.7854036092758179,0.7854036092758179
17,7,-0.8153513669967651,0.8153513669967651
17,8,-0.7959458827972412,0.7959458827972412
17,9,-0.7994530200958252,0.7994530200958252
17,10,-0.8258261680603027,0.8258261680603027
17,11,-0.8018991947174072,0.8018991947174072
17,12,-0.8211851119995117,0.8211851119995117
17,13,-0.8276093006134033,0.8276093006134033
17,14,-0.7957456111907959,0.7957456111907959
17,15,-0.8056321144104004,0.8056321144104004
17,16,-0.7931377291679382,0.7931377291679382
17,17,-0.7782599329948425,0.7782599329948425
17,18,-0.7959016561508179,0.7959016561508179
17,19,-0.7969310283660889,0.7969310283660889
17,20,-0.8204027414321899,0.8204027414321899
17,21,-0.794798731803894,0.794798731803894
17,22,-0.8126827478408813,0.8126827478408813
17,23,-0.800100564956665,0.800100564956665
17,24,-0.8040282726287842,0.8040282726287842
17,25,-0.8024660348892212,0.8024660348892212
17,26,-0.8020472526550293,0.8020472526550293
17,27,-0.7946785092353821,0.7946785092353821
17,28,-0.7932583689689636,0.7932583689689636
17,29,-0.8088365793228149,0.8088365793228149
17,30,-0.8230308890342712,0.8230308890342712
17,31,-0.7971366047859192,0.7971366047859192
17,32,-0.8123464584350586,0.8123464584350586
17,33,-0.812757134437561,0.812757134437561
17,34,-0.799584150314331,0.799584150314331
17,35,-0.7947884798049927,0.7947884798049927
17,36,-0.806265652179718,0.806265652179718
17,37,-0.7862054109573364,0.7862054109573364
17,38,-0.7936075925827026,0.7936075925827026
17,39,-0.8059024214744568,0.8059024214744568
17,40,-0.8065892457962036,0.8065892457962036
17,41,-0.8025163412094116,0.8025163412094116
17,42,-0.8050987720489502,0.8050987720489502
17,0,nan,0.8025904715061187
18,1,-0.7963855266571045,0.7963855266571045
18,2,-0.7961910367012024,0.7961910367012024
18,3,-0.7835499048233032,0.7835499048233032
18,4,-0.8047210574150085,0.8047210574150085
18,5,-0.8102564811706543,0.8102564811706543
18,6,-0.8049228191375732,0.8049228191375732
18,7,-0.7947567701339722,0.7947567701339722
18,8,-0.8018178939819336,0.8018178939819336
18,9,-0.8121997714042664,0.8121997714042664
18,10,-0.8222719430923462,0.8222719430923462
18,11,-0.8173327445983887,0.8173327445983887
18,12,-0.810676097869873,0.810676097869873
18,13,-0.8044931888580322,0.8044931888580322
18,14,-0.7974100112915039,0.7974100112915039
18,15,-0.817956805229187,0.817956805229187
18,16,-0.810856819152832,0.810856819152832
18,17,-0.7925233840942383,0.7925233840942383
18,18,-0.805797815322876,0.805797815322876
18,19,-0.8104414939880371,0.8104414939880371
18,20,-0.8052240014076233,0.8052240014076233
18,21,-0.7847897410392761,0.7847897410392761
18,22,-0.7968980669975281,0.7968980669975281
18,23,-0.8087239861488342,0.8087239861488342
18,24,-0.8040789365768433,0.8040789365768433
18,25,-0.8058743476867676,0.8058743476867676
18,26,-0.8069109916687012,0.8069109916687012
18,27,-0.8080662488937378,0.8080662488937378
18,28,-0.8278862237930298,0.8278862237930298
18,29,-0.7874388694763184,0.7874388694763184
18,30,-0.7943335771560669,0.7943335771560669
18,31,-0.8148089051246643,0.8148089051246643
18,32,-0.8042643070220947,0.8042643070220947
18,33,-0.7923378944396973,0.7923378944396973
18,34,-0.8073770999908447,0.8073770999908447
18,35,-0.8066970705986023,0.8066970705986023
18,36,-0.7874886989593506,0.7874886989593506
18,37,-0.8006071448326111,0.8006071448326111
18,38,-0.7995966672897339,0.7995966672897339
18,39,-0.7998174428939819,0.7998174428939819
18,40,-0.807928204536438,0.807928204536438
18,41,-0.8057115077972412,0.8057115077972412
18,42,-0.7968736886978149,0.7968736886978149
18,0,nan,0.8031734824180603
19,1,-0.7833864092826843,0.7833864092826843
19,2,-0.8016921281814575,0.8016921281814575
19,3,-0.7947089672088623,0.7947089672088623
19,4,-0.8030689358711243,0.8030689358711243
19,5,-0.814864993095398,0.814864993095398
19,6,-0.8051847219467163,0.8051847219467163
19,7,-0.8198789954185486,0.8198789954185486
19,8,-0.7981957197189331,0.7981957197189331
19,9,-0.7884989976882935,0.7884989976882935
19,10,-0.7925069332122803,0.7925069332122803
19,11,-0.7778318524360657,0.7778318524360657
19,12,-0.8058394193649292,0.8058394193649292
19,13,-0.8019896745681763,0.8019896745681763
19,14,-0.804081916809082,0.804081916809082
19,15,-0.8149899244308472,0.8149899244308472
19,16,-0.7949572801589966,0.7949572801589966
19,17,-0.8184963464736938,0.8184963464736938
19,18,-0.8073865175247192,0.8073865175247192
19,19,-0.8095498085021973,0.8095498085021973
19,20,-0.8037623167037964,0.8037623167037964
19,21,-0.790056586265564,0.790056586265564
19,22,-0.7825956344604492,0.7825956344604492
19,23,-0.8100608587265015,0.8100608587265015
19,24,-0.8120832443237305,0.8120832443237305
19,25,-0.8109671473503113,0.8109671473503113
19,26,-0.8114555478096008,0.8114555478096008
19,27,-0.7935342788696289,0.7935342788696289
19,28,-0.8077791929244995,0.8077791929244995
19,29,-0.8016863465309143,0.8016863465309143
19,30,-0.8099970817565918,0.8099970817565918
19,31,-0.8037877082824707,0.8037877082824707
19,32,-0.8103165030479431,0.8103165030479431
19,33,-0.8019803762435913,0.8019803762435913
19,34,-0.8040906190872192,0.8040906190872192
19,35,-0.8003730177879333,0.8003730177879333
19,36,-0.8070892095565796,0.8070892095565796
19,37,-0.8244359493255615,0.8244359493255615
19,38,-0.8181636333465576,0.8181636333465576
19,39,-0.8049991130828857,0.8049991130828857
19,40,-0.8037940263748169,0.8037940263748169
19,41,-0.8088434338569641,0.8088434338569641
19,42,-0.8123148083686829,0.8123148083686829
19,0,nan,0.8036165356636047
20,1,-0.8077042102813721,0.8077042102813721
20,2,-0.8136663436889648,0.8136663436889648
20,3,-0.7889831066131592,0.7889831066131592
20,4,-0.8052822351455688,0.8052822351455688
20,5,-0.8209719657897949,0.8209719657897949
20,6,-0.8024641275405884,0.8024641275405884
20,7,-0.798499345779419,0.798499345779419
20,8,-0.801270604133606,0.801270604133606
20,9,-0.786418616771698,0.786418616771698
20,10,-0.8000181317329407,0.8000181317329407
20,11,-0.8083527088165283,0.8083527088165283
20,12,-0.7992015480995178,0.7992015480995178
20,13,-0.7905786633491516,0.7905786633491516
20,14,-0.8030019402503967,0.8030019402503967
20,15,-0.7934004068374634,0.7934004068374634
20,16,-0.809619665145874,0.809619665145874
20,17,-0.8203452825546265,0.8203452825546265
20,18,-0.7968785762786865,0.7968785762786865
20,19,-0.7970806956291199,0.7970806956291199
20,20,-0.8019895553588867,0.8019895553588867
20,21,-0.7982192039489746,0.7982192039489746
20,22,-0.8383078575134277,0.8383078575134277
20,23,-0.804337203502655,0.804337203502655
20,24,-0.8104103803634644,0.8104103803634644
20,25,-0.7846308946609497,0.7846308946609497
20,26,-0.7907586097717285,0.7907586097717285
20,27,-0.8166611790657043,0.8166611790657043
20,28,-0.815129816532135,0.815129816532135
20,29,-0.8080405592918396,0.8080405592918396
20,30,-0.8124698400497437,0.8124698400497437
20,31,-0.7815319895744324,0.7815319895744324
20,32,-0.807691752910614,0.807691752910614
20,33,-0.8404971361160278,0.8404971361160278
20,34,-0.7920213937759399,0.7920213937759399
20,35,-0.803432047367096,0.803432047367096
20,36,-0.807150661945343,0.807150661945343
20,37,-0.8135074377059937,0.8135074377059937
20,38,-0.8073047399520874,0.8073047399520874
20,39,-0.8100135326385498,0.8100135326385498
20,40,-0.8026860952377319,0.8026860952377319
20,41,-0.7931607365608215,0.7931607365608215
20,42,-0.8064895868301392,0.8064895868301392
20,0,nan,0.8041146278381348
21,1,-0.8047032952308655,0.8047032952308655
21,2,-0.7919236421585083,0.7919236421585083
21,3,-0.8014248013496399,0.8014248013496399
21,4,-0.7945191860198975,0.7945191860198975
21,5,-0.8127344250679016,0.8127344250679016
21,6,-0.8118405342102051,0.8118405342102051
21,7,-0.8108917474746704,0.8108917474746704
21,8,-0.8004746437072754,0.8004746437072754
21,9,-0.7941219210624695,0.7941219210624695
21,10,-0.8001959919929504,0.8001959919929504
21,11,-0.8248793482780457,0.8248793482780457
21,12,-0.813190221786499,0.813190221786499
21,13,-0.8258005380630493,0.8258005380630493
21,14,-0.7949700355529785,0.7949700355529785
21,15,-0.8161843419075012,0.8161843419075012
21,16,-0.8177211284637451,0.8177211284637451
21,17,-0.7994656562805176,0.7994656562805176
21,18,-0.8085497617721558,0.8085497617721558
21,19,-0.824765682220459,0.824765682220459
21,20,-0.7920784950256348,0.7920784950256348
21,21,-0.7813308835029602,0.7813308835029602
21,22,-0.8019672632217407,0.8019672632217407
21,23,-0.808323860168457,0.808323860168457
21,24,-0.7779694199562073,0.7779694199562073
21,25,-0.7832909822463989,0.7832909822463989
21,26,-0.8220863342285156,0.8220863342285156
21,27,-0.8071495294570923,0.8071495294570923
21,28,-0.812835156917572,0.812835156917572
21,29,-0.8038290739059448,0.8038290739059448
21,30,-0.7864342331886292,0.7864342331886292
21,31,-0.8195745348930359,0.8195745348930359
21,32,-0.8111942410469055,0.8111942410469055
21,33,-0.805414080619812,0.805414080619812
21,34,-0.7934609651565552,0.7934609651565552
21,35,-0.8174949288368225,0.8174949288368225
21,36,-0.806396484375,0.806396484375
21,37,-0.814551830291748,0.814551830291748
21,38,-0.7998139262199402,0.7998139262199402
21,39,-0.8071247935295105,0.8071247935295105
21,40,-0.8002272844314575,0.8002272844314575
21,41,-0.7970788478851318,0.7970788478851318
21,42,-0.8138957023620605,0.8138957023620605
21,0,nan,0.80462726354599
22,1,-0.8169336915016174,0.8169336915016174
22,2,-0.8076165318489075,0.8076165318489075
22,3,-0.8138954639434814,0.8138954639434814
22,4,-0.8169801235198975,0.8169801235198975
22,5,-0.8023697733879089,0.8023697733879089
22,6,-0.7923852205276489,0.7923852205276489
22,7,-0.8010783791542053,0.8010783791542053
22,8,-0.7782834768295288,0.7782834768295288
22,9,-0.8176388740539551,0.8176388740539551
22,10,-0.827281653881073,0.827281653881073
22,11,-0.811452329158783,0.811452329158783
22,12,-0.8121050000190735,0.8121050000190735
22,13,-0.8359036445617676,0.8359036445617676
22,14,-0.8085035085678101,0.8085035085678101
22,15,-0.7897988557815552,0.7897988557815552
22,16,-0.7924147248268127,0.7924147248268127
22,17,-0.8029547929763794,0.8029547929763794
22,18,-0.8315145373344421,0.8315145373344421
22,19,-0.7931548953056335,0.7931548953056335
22,20,-0.8064785599708557,0.8064785599708557
22,21,-0.8191598653793335,0.8191598653793335
22,22,-0.8267536163330078,0.8267536163330078
22,23,-0.7982398867607117,0.7982398867607117
22,24,-0.8217488527297974,0.8217488527297974
22,25,-0.8010138273239136,0.8010138273239136
22,26,-0.790943443775177,0.790943443775177
22,27,-0.812766432762146,0.812766432762146
22,28,-0.7919773459434509,0.7919773459434509
22,29,-0.7984831929206848,0.7984831929206848
22,30,-0.8200477361679077,0.8200477361679077
22,31,-0.810123085975647,0.810123085975647
22,32,-0.8179181218147278,0.8179181218147278
22,33,-0.7889374494552612,0.7889374494552612
22,34,-0.7946754097938538,0.7946754097938538
22,35,-0.7849093675613403,0.7849093675613403
22,36,-0.7909175753593445,0.7909175753593445
22,37,-0.8111546039581299,0.8111546039581299
22,38,-0.8043310046195984,0.8043310046195984
22,39,-0.7952934503555298,0.7952934503555298
22,40,-0.791027307510376,0.791027307510376
22,41,-0.7873373031616211,0.7873373031616211
22,42,-0.8158279657363892,0.8158279657363892
22,0,nan,0.8050901293754578
23,1,-0.8142058849334717,0.8142058849334717
23,2,-0.8105424642562866,0.8105424642562866
23,3,-0.7928683757781982,0.7928683757781982
23,4,-0.7912511229515076,0.7912511229515076
23,5,-0.7844808101654053,0.7844808101654053
23,6,-0.802367091178894,0.802367091178894
23,7,-0.7905128002166748,0.7905128002166748
23,8,-0.818492591381073,0.818492591381073
23,9,-0.8152700066566467,0.8152700066566467
23,10,-0.8208292126655579,0.8208292126655579
23,11,-0.8079736828804016,0.8079736828804016
23,12,-0.8068045973777771,0.8068045973777771
23,13,-0.7997432947158813,0.7997432947158813
23,14,-0.8005090951919556,0.8005090951919556
23,15,-0.811440110206604,0.811440110206604
23,16,-0.8078179955482483,0.8078179955482483
23,17,-0.8114931583404541,0.8114931583404541
23,18,-0.8054093718528748,0.8054093718528748
23,19,-0.8057364821434021,0.8057364821434021
23,20,-0.8145285248756409,0.8145285248756409
23,21,-0.8069120645523071,0.8069120645523071
23,22,-0.7985221743583679,0.7985221743583679
23,23,-0.7877293229103088,0.7877293229103088
23,24,-0.8082813024520874,0.8082813024520874
23,25,-0.8092467784881592,0.8092467784881592
23,26,-0.8155971765518188,0.8155971765518188
23,27,-0.800103485584259,0.800103485584259
23,28,-0.8155511617660522,0.8155511617660522
23,29,-0.8264648914337158,0.8264648914337158
23,30,-0.8066495656967163,0.8066495656967163
23,31,-0.8023815751075745,0.8023815751075745
23,32,-0.8090170621871948,0.8090170621871948
23,33,-0.7970924377441406,0.7970924377441406
23,34,-0.8059059977531433,0.8059059977531433
23,35,-0.784927487373352,0.784927487373352
23,36,-0.8016801476478577,0.8016801476478577
23,37,-0.8225381970405579,0.8225381970405579
23,38,-0.8092580437660217,0.8092580437660217
23,39,-0.7973795533180237,0.7973795533180237
23,40,-0.8088915348052979,0.8088915348052979
23,41,-0.8016645312309265,0.8016645312309265
23,42,-0.8223879337310791,0.8223879337310791
23,0,nan,0.8054901659488678
24,1,-0.8100834488868713,0.8100834488868713
24,2,-0.8016289472579956,0.8016289472579956
24,3,-0.7833744287490845,0.7833744287490845
24,4,-0.8235946297645569,0.8235946297645569
24,5,-0.8158715963363647,0.8158715963363647
24,6,-0.8280379176139832,0.8280379176139832
24,7,-0.7909274697303772,0.7909274697303772
24,8,-0.7858707904815674,0.7858707904815674
24,9,-0.8076282143592834,0.8076282143592834
24,10,-0.7986059784889221,0.7986059784889221
24,11,-0.794762372970581,0.794762372970581
24,12,-0.801400899887085,0.801400899887085
24,13,-0.8258183002471924,0.8258183002471924
24,14,-0.8094987869262695,0.8094987869262695
24,15,-0.8137108087539673,0.8137108087539673
24,16,-0.7951782941818237,0.7951782941818237
24,17,-0.7982770204544067,0.7982770204544067
24,18,-0.821507453918457,0.821507453918457
24,19,-0.8121253252029419,0.8121253252029419
24,20,-0.8030809164047241,0.8030809164047241
24,21,-0.830362856388092,0.830362856388092
24,22,-0.7936725616455078,0.7936725616455078
24,23,-0.7898015379905701,0.7898015379905701
24,24,-0.8084009885787964,0.8084009885787964
24,25,-0.8274198770523071,0.8274198770523071
24,26,-0.7915210127830505,0.7915210127830505
24,27,-0.8196157813072205,0.8196157813072205
24,28,-0.8159315586090088,0.8159315586090088
24,29,-0.785538911819458,0.785538911819458
24,30,-0.7971988320350647,0.7971988320350647
24,31,-0.7962056398391724,0.7962056398391724
24,32,-0.8055974245071411,0.8055974245071411
24,33,-0.8063256740570068,0.8063256740570068
24,34,-0.8110476732254028,0.8110476732254028
24,35,-0.8010894656181335,0.8010894656181335
24,36,-0.8120489120483398,0.8120489120483398
24,37,-0.8131244778633118,0.8131244778633118
24,38,-0.7929291725158691,0.7929291725158691
24,39,-0.8110044002532959,0.8110044002532959
24,40,-0.8358606100082397,0.8358606100082397
24,41,-0.7967180013656616,0.7967180013656616
24,42,-0.8034289479255676,0.8034289479255676
24,0,nan,0.8058716833591462
25,1,-0.8104573488235474,0.8104573488235474
25,2,-0.7993940114974976,0.7993940114974976
25,3,-0.8027275800704956,0.8027275800704956
25,4,-0.7920069694519043,0.7920069694519043
25,5,-0.802861213684082,0.802861213684082
25,6,-0.7954848408699036,0.7954848408699036
25,7,-0.7994987964630127,0.7994987964630127
25,8,-0.8200360536575317,0.8200360536575317
25,9,-0.795465886592865,0.795465886592865
25,10,-0.8181501626968384,0.8181501626968384
25,11,-0.7980079650878906,0.7980079650878906
25,12,-0.8160883784294128,0.8160883784294128
25,13,-0.812595009803772,0.812595009803772
25,14,-0.8117039799690247,0.8117039799690247
25,15,-0.8179749846458435,0.8179749846458435
25,16,-0.8134755492210388,0.8134755492210388
25,17,-0.7875953912734985,0.7875953912734985
25,18,-0.8044610023498535,0.8044610023498535
25,19,-0.7959616184234619,0.7959616184234619
25,20,-0.8075416088104248,0.8075416088104248
25,21,-0.7920361757278442,0.7920361757278442
25,22,-0.7973616719245911,0.7973616719245911
25,23,-0.8140435218811035,0.8140435218811035
25,24,-0.7890912890434265,0.7890912890434265
25,25,-0.8059557676315308,0.8059557676315308
25,26,-0.8079214692115784,0.8079214692115784
25,27,-0.8080264329910278,0.8080264329910278
25,28,-0.8193161487579346,0.8193161487579346
25,29,-0.8152105808258057,0.8152105808258057
25,30,-0.8045560717582703,0.8045560717582703
25,31,-0.8141045570373535,0.8141045570373535
25,32,-0.8135700225830078,0.8135700225830078
25,33,-0.8016713261604309,0.8016713261604309
25,34,-0.8117616772651672,0.8117616772651672
25,35,-0.806777834892273,0.806777834892273
25,36,-0.823060154914856,0.823060154914856
25,37,-0.8144534826278687,0.8144534826278687
25,38,-0.8133858442306519,0.8133858442306519
25,39,-0.795913577079773,0.795913577079773
25,40,-0.8061641454696655,0.8061641454696655
25,41,-0.8253133296966553,0.8253133296966553
25,42,-0.7993686199188232,0.7993686199188232
25,0,nan,0.8062398552894592
26,1,-0.8118218779563904,0.8118218779563904
26,2,-0.8033024668693542,0.8033024668693542
26,3,-0.8067121505737305,0.8067121505737305
26,4,-0.8042842149734497,0.8042842149734497
26,5,-0.8025868535041809,0.8025868535041809
26,6,-0.8237748146057129,0.8237748146057129
26,7,-0.8148746490478516,0.8148746490478516
26,8,-0.8137339949607849,0.8137339949607849
26,9,-0.8164620995521545,0.8164620995521545
26,10,-0.8124815225601196,0.8124815225601196
26,11,-0.8179774284362793,0.8179774284362793
26,12,-0.822364330291748,0.822364330291748
26,13,-0.8078500032424927,0.8078500032424927
26,14,-0.811374843120575,0.811374843120575
26,15,-0.8023796081542969,0.8023796081542969
26,16,-0.8012683391571045,0.8012683391571045
26,17,-0.8220924735069275,0.8220924735069275
26,18,-0.8099308609962463,0.8099308609962463
26,19,-0.8010106682777405,0.8010106682777405
26,20,-0.8019628524780273,0.8019628524780273
26,21,-0.804401159286499,0.804401159286499
26,22,-0.81792151927948,0.81792151927948
26,23,-0.7990808486938477,0.7990808486938477
26,24,-0.8020877242088318,0.8020877242088318
26,25,-0.795623242855072,0.795623242855072
26,26,-0.807955801486969,0.807955801486969
26,27,-0.815510630607605,0.815510630607605
26,28,-0.8122009634971619,0.8122009634971619
26,29,-0.8128522634506226,0.8128522634506226
26,30,-0.805020272731781,0.805020272731781
26,31,-0.7910683155059814,0.7910683155059814
26,32,-0.8090921640396118,0.8090921640396118
26,33,-0.8036832213401794,0.8036832213401794
26,34,-0.8055251240730286,0.8055251240730286
26,35,-0.8021941184997559,0.8021941184997559
26,36,-0.8261281847953796,0.8261281847953796
26,37,-0.8006227016448975,0.8006227016448975
26,38,-0.7944561839103699,0.7944561839103699
26,39,-0.8134878277778625,0.8134878277778625
26,40,-0.7989987134933472,0.7989987134933472
26,41,-0.7772964835166931,0.7772964835166931
26,42,-0.7896914482116699,0.7896914482116699
26,0,nan,0.8065051019191742
27,1,-0.8170714378356934,0.8170714378356934
27,2,-0.809537947177887,0.809537947177887
27,3,-0.8047212958335876,0.8047212958335876
27,4,-0.8125250339508057,0.8125250339508057
27,5,-0.7866621613502502,0.7866621613502502
27,6,-0.7958248853683472,0.7958248853683472
27,7,-0.803911566734314,0.803911566734314
27,8,-0.7944475412368774,0.7944475412368774
27,9,-0.8313984870910645,0.8313984870910645
27,10,-0.7809865474700928,0.7809865474700928
27,11,-0.8046627044677734,0.8046627044677734
27,12,-0.8179123401641846,0.8179123401641846
27,13,-0.8073211312294006,0.8073211312294006
27,14,-0.8200032711029053,0.8200032711029053
27,15,-0.7944002151489258,0.7944002151489258
27,16,-0.8148589134216309,0.8148589134216309
27,17,-0.8188790082931519,0.8188790082931519
27,18,-0.8113342523574829,0.8113342523574829
27,19,-0.7899356484413147,0.7899356484413147
27,20,-0.8108465671539307,0.8108465671539307
27,21,-0.8104076385498047,0.8104076385498047
27,22,-0.8128557205200195,0.8128557205200195
27,23,-0.8041169047355652,0.8041169047355652
27,24,-0.8095887899398804,0.8095887899398804
27,25,-0.7931694984436035,0.7931694984436035
27,26,-0.8095458745956421,0.8095458745956421
27,27,-0.8069759607315063,0.8069759607315063
27,28,-0.8205225467681885,0.8205225467681885
27,29,-0.7976318597793579,0.7976318597793579
27,30,-0.8171607851982117,0.8171607851982117
27,31,-0.8083838224411011,0.8083838224411011
27,32,-0.8150304555892944,0.8150304555892944
27,33,-0.8344722390174866,0.8344722390174866
27,34,-0.8165088295936584,0.8165088295936584
27,35,-0.8208162784576416,0.8208162784576416
27,36,-0.8127740621566772,0.8127740621566772
27,37,-0.8010751605033875,0.8010751605033875
27,38,-0.7908390760421753,0.7908390760421753
27,39,-0.8167016506195068,0.8167016506195068
27,40,-0.7979501485824585,0.7979501485824585
27,41,-0.8028463125228882,0.8028463125228882
27,42,-0.778474748134613,0.778474748134613
27,0,nan,0.8067959070205688
28,1,-0.7804632186889648,0.7804632186889648
28,2,-0.8101874589920044,0.8101874589920044
28,3,-0.8013755083084106,0.8013755083084106
28,4,-0.8230832815170288,0.8230832815170288
28,5,-0.8074353933334351,0.8074353933334351
28,6,-0.7954486012458801,0.7954486012458801
28,7,-0.7979987859725952,0.7979987859725952
28,8,-0.8030714392662048,0.8030714392662048
28,9,-0.8164642453193665,0.8164642453193665
28,10,-0.8123494982719421,0.8123494982719421
28,11,-0.800836443901062,0.800836443901062
28,12,-0.8129937052726746,0.8129937052726746
28,13,-0.8077735900878906,0.8077735900878906
28,14,-0.8242324590682983,0.8242324590682983
28,15,-0.8007832765579224,0.8007832765579224
28,16,-0.8099542856216431,0.8099542856216431
28,17,-0.8152961730957031,0.8152961730957031
28,18,-0.8070553541183472,0.8070553541183472
28,19,-0.8060888648033142,0.8060888648033142
28,20,-0.7983921766281128,0.7983921766281128
28,21,-0.8185266852378845,0.8185266852378845
28,22,-0.7931437492370605,0.7931437492370605
28,23,-0.787972092628479,0.787972092628479
28,24,-0.813740611076355,0.813740611076355
28,25,-0.8108415603637695,0.8108415603637695
28,26,-0.8057834506034851,0.8057834506034851
28,27,-0.8066143989562988,0.8066143989562988
28,28,-0.7995094060897827,0.7995094060897827
28,29,-0.8035933375358582,0.8035933375358582
28,30,-0.8193916082382202,0.8193916082382202
28,31,-0.8101423978805542,0.8101423978805542
28,32,-0.8266029953956604,0.8266029953956604
28,33,-0.7948174476623535,0.7948174476623535
28,34,-0.8171783685684204,0.8171783685684204
28,35,-0.8247355222702026,0.8247355222702026
28,36,-0.7995287179946899,0.7995287179946899
28,37,-0.8197111487388611,0.8197111487388611
28,38,-0.7939440011978149,0.7939440011978149
28,39,-0.8069661259651184,0.8069661259651184
28,40,-0.8138503432273865,0.8138503432273865
28,41,-0.8248566389083862,0.8248566389083862
28,42,-0.7954751253128052,0.7954751253128052
28,0,nan,0.8070171058177948
29,1,-0.7960124611854553,0.7960124611854553
29,2,-0.8031790852546692,0.8031790852546692
29,3,-0.8036831617355347,0.8036831617355347
29,4,-0.8016079068183899,0.8016079068183899
29,5,-0.7938573956489563,0.7938573956489563
29,6,-0.8134289383888245,0.8134289383888245
29,7,-0.8041356801986694,0.8041356801986694
29,8,-0.8133002519607544,0.8133002519607544
29,9,-0.8093805909156799,0.8093805909156799
29,10,-0.808335542678833,0.808335542678833
29,11,-0.8097164630889893,0.8097164630889893
29,12,-0.8006721138954163,0.8006721138954163
29,13,-0.7944779992103577,0.7944779992103577
29,14,-0.7968941926956177,0.7968941926956177
29,15,-0.8169397711753845,0.8169397711753845
29,16,-0.7973455786705017,0.7973455786705017
29,17,-0.8109305500984192,0.8109305500984192
29,18,-0.816704511642456,0.816704511642456
29,19,-0.8083537817001343,0.8083537817001343
29,20,-0.7996181845664978,0.7996181845664978
29,21,-0.8153263330459595,0.8153263330459595
29,22,-0.8190510869026184,0.8190510869026184
29,23,-0.7889514565467834,0.7889514565467834
29,24,-0.8139442205429077,0.8139442205429077
29,25,-0.8101277351379395,0.8101277351379395
29,26,-0.8166950345039368,0.8166950345039368
29,27,-0.7952823638916016,0.7952823638916016
29,28,-0.8098877668380737,0.8098877668380737
29,29,-0.8164117336273193,0.8164117336273193
29,30,-0.7997625470161438,0.7997625470161438
29,31,-0.8021555542945862,0.8021555542945862
29,32,-0.8281566500663757,0.8281566500663757
29,33,-0.8026903867721558,0.8026903867721558
29,34,-0.8340274095535278,0.8340274095535278
29,35,-0.8191558122634888,0.8191558122634888
29,36,-0.8136293292045593,0.8136293292045593
29,37,-0.8032907247543335,0.8032907247543335
29,38,-0.7991084456443787,0.7991084456443787
29,39,-0.8154739737510681,0.8154739737510681
29,40,-0.8243916630744934,0.8243916630744934
29,41,-0.7988142967224121,0.7988142967224121
29,42,-0.8039021492004395,0.8039021492004395
29,0,nan,0.8072559416294098
30,1,-0.811597466468811,0.811597466468811
30,2,-0.7933430671691895,0.7933430671691895
30,3,-0.8109300136566162,0.8109300136566162
30,4,-0.8227797150611877,0.8227797150611877
30,5,-0.808437168598175,0.808437168598175
30,6,-0.808487057685852,0.808487057685852
30,7,-0.8163080811500549,0.8163080811500549
30,8,-0.8400586843490601,0.8400586843490601
30,9,-0.8041001558303833,0.8041001558303833
30,10,-0.8185436725616455,0.8185436725616455
30,11,-0.8206270933151245,0.8206270933151245
30,12,-0.8018061518669128,0.8018061518669128
30,13,-0.818116307258606,0.818116307258606
30,14,-0.7970638275146484,0.7970638275146484
30,15,-0.7995251417160034,0.7995251417160034
30,16,-0.7918095588684082,0.7918095588684082
30,17,-0.797508955001831,0.797508955001831
30,18,-0.8023821115493774,0.8023821115493774
30,19,-0.8186372518539429,0.8186372518539429
30,20,-0.7879470586776733,0.7879470586776733
30,21,-0.8210690021514893,0.8210690021514893
30,22,-0.8099114894866943,0.8099114894866943
30,23,-0.8273218870162964,0.8273218870162964
30,24,-0.8069909811019897,0.8069909811019897
30,25,-0.8070568442344666,0.8070568442344666
30,26,-0.830089807510376,0.830089807510376
30,27,-0.8172615766525269,0.8172615766525269
30,28,-0.8070210814476013,0.8070210814476013
30,29,-0.7944764494895935,0.7944764494895935
30,30,-0.7851681709289551,0.7851681709289551
30,31,-0.7833206057548523,0.7833206057548523
30,32,-0.7944087982177734,0.7944087982177734
30,33,-0.7970641851425171,0.7970641851425171
30,34,-0.8106995820999146,0.8106995820999146
30,35,-0.8310806751251221,0.8310806751251221
30,36,-0.8150841593742371,0.8150841593742371
30,37,-0.8101483583450317,0.8101483583450317
30,38,-0.7893313765525818,0.7893313765525818
30,39,-0.8127692937850952,0.8127692937850952
30,40,-0.7992739081382751,0.7992739081382751
30,41,-0.8041672706604004,0.8041672706604004
30,42,-0.8164705634117126,0.8164705634117126
30,0,nan,0.8075117766857147
31,1,-0.7787443399429321,0.7787443399429321
31,2,-0.8120030164718628,0.8120030164718628
31,3,-0.8071054220199585,0.8071054220199585
31,4,-0.8088090419769287,0.8088090419769287
31,5,-0.7852905988693237,0.7852905988693237
31,6,-0.7967362403869629,0.7967362403869629
31,7,-0.8209616541862488,0.8209616541862488
31,8,-0.8122538328170776,0.8122538328170776
31,9,-0.8133099675178528,0.8133099675178528
31,10,-0.78938227891922,0.78938227891922
31,11,-0.7960723042488098,0.7960723042488098
31,12,-0.8318431377410889,0.8318431377410889
31,13,-0.8119040727615356,0.8119040727615356
31,14,-0.8171001076698303,0.8171001076698303
31,15,-0.8289544582366943,0.8289544582366943
31,16,-0.8355995416641235,0.8355995416641235
31,17,-0.801642656326294,0.801642656326294
31,18,-0.8083438873291016,0.8083438873291016
31,19,-0.805424153804779,0.805424153804779
31,20,-0.8188732266426086,0.8188732266426086
31,21,-0.7727028131484985,0.7727028131484985
31,22,-0.8113794326782227,0.8113794326782227
31,23,-0.8094645738601685,0.8094645738601685
31,24,-0.820530891418457,0.820530891418457
31,25,-0.8029308915138245,0.8029308915138245
31,26,-0.8063881397247314,0.8063881397247314
31,27,-0.8163769841194153,0.8163769841194153
31,28,-0.8013460636138916,0.8013460636138916
31,29,-0.8229243755340576,0.8229243755340576
31,30,-0.7678530812263489,0.7678530812263489
31,31,-0.802574872970581,0.802574872970581
31,32,-0.8274748921394348,0.8274748921394348
31,33,-0.8064150214195251,0.8064150214195251
31,34,-0.8279296159744263,0.8279296159744263
31,35,-0.8004966378211975,0.8004966378211975
31,36,-0.7973048686981201,0.7973048686981201
31,37,-0.8069901466369629,0.8069901466369629
31,38,-0.8371586799621582,0.8371586799621582
31,39,-0.8015543222427368,0.8015543222427368
31,40,-0.8223788738250732,0.8223788738250732
31,41,-0.81062912940979,0.81062912940979
31,42,-0.796465277671814,0.796465277671814
31,0,nan,0.8077585637569428
32,1,-0.8166540861129761,0.8166540861129761
32,2,-0.7926387786865234,0.7926387786865234
32,3,-0.8230481743812561,0.8230481743812561
32,4,-0.8125030398368835,0.8125030398368835
32,5,-0.8138270974159241,0.8138270974159241
32,6,-0.8010993003845215,0.8010993003845215
32,7,-0.7991549372673035,0.7991549372673035
32,8,-0.797661542892456,0.797661542892456
32,9,-0.7991557121276855,0.7991557121276855
32,10,-0.7960245013237,0.7960245013237
32,11,-0.8172945380210876,0.8172945380210876
32,12,-0.8132230043411255,0.8132230043411255
32,13,-0.8098527789115906,0.8098527789115906
32,14,-0.8022328019142151,0.8022328019142151
32,15,-0.8262808322906494,0.8262808322906494
32,16,-0.7908626198768616,0.7908626198768616
32,17,-0.8087957501411438,0.8087957501411438
32,18,-0.7982242107391357,0.7982242107391357
32,19,-0.8134475946426392,0.8134475946426392
32,20,-0.8017584085464478,0.8017584085464478
32,21,-0.8022221326828003,0.8022221326828003
32,22,-0.8132691383361816,0.8132691383361816
32,23,-0.8167866468429565,0.8167866468429565
32,24,-0.8206000328063965,0.8206000328063965
32,25,-0.8348954319953918,0.8348954319953918
32,26,-0.8106449842453003,0.8106449842453003
32,27,-0.8274530172348022,0.8274530172348022
32,28,-0.8108591437339783,0.8108591437339783
32,29,-0.82547926902771,0.82547926902771
32,30,-0.7994235754013062,0.7994235754013062
32,31,-0.7896933555603027,0.7896933555603027
32,32,-0.8143557906150818,0.8143557906150818
32,33,-0.8115286827087402,0.8115286827087402
32,34,-0.7938928604125977,0.7938928604125977
32,35,-0.7988364696502686,0.7988364696502686
32,36,-0.8155938386917114,0.8155938386917114
32,37,-0.7969645857810974,0.7969645857810974
32,38,-0.7971700429916382,0.7971700429916382
32,39,-0.8112930059432983,0.8112930059432983
32,40,-0.8064327239990234,0.8064327239990234
32,41,-0.8124693036079407,0.8124693036079407
32,42,-0.8181498050689697,0.8181498050689697
32,0,nan,0.8079564154148102
33,1,-0.778923749923706,0.778923749923706
33,2,-0.8177059292793274,0.8177059292793274
33,3,-0.812970757484436,0.812970757484436
33,4,-0.8237646818161011,0.8237646818161011
33,5,-0.7918066382408142,0.7918066382408142
33,6,-0.8125391602516174,0.8125391602516174
33,7,-0.8037353754043579,0.8037353754043579
33,8,-0.7922489643096924,0.7922489643096924
33,9,-0.7870984077453613,0.7870984077453613
33,10,-0.8198807239532471,0.8198807239532471
33,11,-0.808376669883728,0.808376669883728
33,12,-0.8157281875610352,0.8157281875610352
33,13,-0.7994027733802795,0.7994027733802795
33,14,-0.7997768521308899,0.7997768521308899
33,15,-0.8016049265861511,0.8016049265861511
33,16,-0.8315388560295105,0.8315388560295105
33,17,-0.8178478479385376,0.8178478479385376
33,18,-0.8123331069946289,0.8123331069946289
33,19,-0.8192095160484314,0.8192095160484314
33,20,-0.8264634609222412,0.8264634609222412
33,21,-0.8232723474502563,0.8232723474502563
33,22,-0.8196605443954468,0.8196605443954468
33,23,-0.8036298751831055,0.8036298751831055
33,24,-0.8092170357704163,0.8092170357704163
33,25,-0.7920646667480469,0.7920646667480469
33,26,-0.7911943197250366,0.7911943197250366
33,27,-0.8360484838485718,0.8360484838485718
33,28,-0.7981739044189453,0.7981739044189453
33,29,-0.8076236248016357,0.8076236248016357
33,30,-0.8199558854103088,0.8199558854103088
33,31,-0.8046375513076782,0.8046375513076782
33,32,-0.8133602738380432,0.8133602738380432
33,33,-0.8021008968353271,0.8021008968353271
33,34,-0.7821552157402039,0.7821552157402039
33,35,-0.8055670857429504,0.8055670857429504
33,36,-0.8236054182052612,0.8236054182052612
33,37,-0.797347903251648,0.797347903251648
33,38,-0.8078358173370361,0.8078358173370361
33,39,-0.8142985105514526,0.8142985105514526
33,40,-0.8248504996299744,0.8248504996299744
33,41,-0.8059415221214294,0.8059415221214294
33,42,-0.8138782978057861,0.8138782978057861
33,0,nan,0.8081481516361236
34,1,-0.8081957101821899,0.8081957101821899
34,2,-0.807141125202179,0.807141125202179
34,3,-0.8028886318206787,0.8028886318206787
34,4,-0.8219436407089233,0.8219436407089233
34,5,-0.8195916414260864,0.8195916414260864
34,6,-0.8210386633872986,0.8210386633872986
34,7,-0.797940731048584,0.797940731048584
34,8,-0.8142510652542114,0.8142510652542114
34,9,-0.7867076396942139,0.7867076396942139
34,10,-0.8023240566253662,0.8023240566253662
34,11,-0.8006705641746521,0.8006705641746521
34,12,-0.8103833198547363,0.8103833198547363
34,13,-0.8101344704627991,0.8101344704627991
34,14,-0.7968806624412537,0.7968806624412537
34,15,-0.8112416863441467,0.8112416863441467
34,16,-0.8097655773162842,0.8097655773162842
34,17,-0.7982906103134155,0.7982906103134155
34,18,-0.8040778040885925,0.8040778040885925
34,19,-0.8275731205940247,0.8275731205940247
34,20,-0.8062187433242798,0.8062187433242798
34,21,-0.8244818449020386,0.8244818449020386
34,22,-0.8032851219177246,0.8032851219177246
34,23,-0.8156788349151611,0.8156788349151611
34,24,-0.7961522340774536,0.7961522340774536
34,25,-0.7949573397636414,0.7949573397636414
34,26,-0.7970598340034485,0.7970598340034485
34,27,-0.8092513084411621,0.8092513084411621
34,28,-0.8301757574081421,0.8301757574081421
34,29,-0.8105987906455994,0.8105987906455994
34,30,-0.7952809929847717,0.7952809929847717
34,31,-0.8174479603767395,0.8174479603767395
34,32,-0.8057690858840942,0.8057690858840942
34,33,-0.8211871981620789,0.8211871981620789
34,34,-0.8198364973068237,0.8198364973068237
34,35,-0.7922554612159729,0.7922554612159729
34,36,-0.8202238082885742,0.8202238082885742
34,37,-0.8161448836326599,0.8161448836326599
34,38,-0.8081209659576416,0.8081209659576416
34,39,-0.8011127710342407,0.8011127710342407
34,40,-0.8068289756774902,0.8068289756774902
34,41,-0.8190590739250183,0.8190590739250183
34,42,-0.8151767253875732,0.8151767253875732
34,0,nan,0.8083155274391174
35,1,-0.8044326305389404,0.8044326305389404
35,2,-0.8027089238166809,0.8027089238166809
35,3,-0.7994720935821533,0.7994720935821533
35,4,-0.8176583647727966,0.8176583647727966
35,5,-0.8129215836524963,0.8129215836524963
35,6,-0.810571014881134,0.810571014881134
35,7,-0.7963542342185974,0.7963542342185974
35,8,-0.8221850395202637,0.8221850395202637
35,9,-0.8091011047363281,0.8091011047363281
35,10,-0.8146883249282837,0.8146883249282837
35,11,-0.7946093082427979,0.7946093082427979
35,12,-0.8151370286941528,0.8151370286941528
35,13,-0.811540424823761,0.811540424823761
35,14,-0.8232951164245605,0.8232951164245605
35,15,-0.8072352409362793,0.8072352409362793
35,16,-0.8026226162910461,0.8026226162910461
35,17,-0.8233108520507812,0.8233108520507812
35,18,-0.7883309125900269,0.7883309125900269
35,19,-0.8244578838348389,0.8244578838348389
35,20,-0.7849125266075134,0.7849125266075134
35,21,-0.8035351634025574,0.8035351634025574
35,22,-0.7936894297599792,0.7936894297599792
35,23,-0.8064761161804199,0.8064761161804199
35,24,-0.8207004070281982,0.8207004070281982
35,25,-0.7995624542236328,0.7995624542236328
35,26,-0.8084819316864014,0.8084819316864014
35,27,-0.8087583780288696,0.8087583780288696
35,28,-0.8030726909637451,0.8030726909637451
35,29,-0.8024881482124329,0.8024881482124329
35,30,-0.8033750057220459,0.8033750057220459
35,31,-0.8250673413276672,0.8250673413276672
35,32,-0.8155050277709961,0.8155050277709961
35,33,-0.8006964325904846,0.8006964325904846
35,34,-0.8078935146331787,0.8078935146331787
35,35,-0.8470607995986938,0.8470607995986938
35,36,-0.8174048066139221,0.8174048066139221
35,37,-0.7940509915351868,0.7940509915351868
35,38,-0.8220342397689819,0.8220342397689819
35,39,-0.8145822286605835,0.8145822286605835
35,40,-0.8004681468009949,0.8004681468009949
35,41,-0.8224352598190308,0.8224352598190308
35,42,-0.8007720708847046,0.8007720708847046
35,0,nan,0.8084635376930237
36,1,-0.8260805010795593,0.8260805010795593
36,2,-0.8237331509590149,0.8237331509590149
36,3,-0.8165955543518066,0.8165955543518066
36,4,-0.8171055316925049,0.8171055316925049
36,5,-0.8154025077819824,0.8154025077819824
36,6,-0.8205949068069458,0.8205949068069458
36,7,-0.8051854372024536,0.8051854372024536
36,8,-0.7983624339103699,0.7983624339103699
36,9,-0.8136974573135376,0.8136974573135376
36,10,-0.8043328523635864,0.8043328523635864
36,11,-0.8028903007507324,0.8028903007507324
36,12,-0.8183244466781616,0.8183244466781616
36,13,-0.8131551146507263,0.8131551146507263
36,14,-0.8035356998443604,0.8035356998443604
36,15,-0.8068622350692749,0.8068622350692749
36,16,-0.8041842579841614,0.8041842579841614
36,17,-0.8131227493286133,0.8131227493286133
36,18,-0.8110641241073608,0.8110641241073608
36,19,-0.8160508871078491,0.8160508871078491
36,20,-0.8025158643722534,0.8025158643722534
36,21,-0.8166841864585876,0.8166841864585876
36,22,-0.7962802052497864,0.7962802052497864
36,23,-0.8011138439178467,0.8011138439178467
36,24,-0.8201413154602051,0.8201413154602051
36,25,-0.7950385808944702,0.7950385808944702
36,26,-0.8173297047615051,0.8173297047615051
36,27,-0.7927752137184143,0.7927752137184143
36,28,-0.8178107738494873,0.8178107738494873
36,29,-0.808025598526001,0.808025598526001
36,30,-0.806693434715271,0.806693434715271
36,31,-0.8051345944404602,0.8051345944404602
36,32,-0.8006689548492432,0.8006689548492432
36,33,-0.8203854560852051,0.8203854560852051
36,34,-0.788142204284668,0.788142204284668
36,35,-0.8062459230422974,0.8062459230422974
36,36,-0.8138928413391113,0.8138928413391113
36,37,-0.7949161529541016,0.7949161529541016
36,38,-0.8307770490646362,0.8307770490646362
36,39,-0.7997909188270569,0.7997909188270569
36,40,-0.8160190582275391,0.8160190582275391
36,41,-0.8071938753128052,0.8071938753128052
36,42,-0.8033836483955383,0.8033836483955383
36,0,nan,0.8086172699928283
37,1,-0.7876921892166138,0.7876921892166138
37,2,-0.793017566204071,0.793017566204071
37,3,-0.8073047399520874,0.8073047399520874
37,4,-0.80269455909729,0.80269455909729
37,5,-0.8019107580184937,0.8019107580184937
37,6,-0.8099111914634705,0.8099111914634705
37,7,-0.8007478713989258,0.8007478713989258
37,8,-0.7995041608810425,0.7995041608810425
37,9,-0.823061466217041,0.823061466217041
37,10,-0.7964978814125061,0.7964978814125061
37,11,-0.8112237453460693,0.8112237453460693
37,12,-0.7974365949630737,0.7974365949630737
37,13,-0.8199710249900818,0.8199710249900818
37,14,-0.8207178115844727,0.8207178115844727
37,15,-0.8235895037651062,0.8235895037651062
37,16,-0.8070915341377258,0.8070915341377258
37,17,-0.819769561290741,0.819769561290741
37,18,-0.7974656820297241,0.7974656820297241
37,19,-0.817204475402832,0.817204475402832
37,20,-0.8140724301338196,0.8140724301338196
37,21,-0.809981644153595,0.809981644153595
37,22,-0.828844428062439,0.828844428062439
37,23,-0.8013173341751099,0.8013173341751099
37,24,-0.8110145926475525,0.8110145926475525
37,25,-0.8253229856491089,0.8253229856491089
37,26,-0.8136364221572876,0.8136364221572876
37,27,-0.7957332134246826,0.7957332134246826
37,28,-0.798263669013977,0.798263669013977
37,29,-0.8142713308334351,0.8142713308334351
37,30,-0.8006935119628906,0.8006935119628906
37,31,-0.7900776267051697,0.7900776267051697
37,32,-0.8168476223945618,0.8168476223945618
37,33,-0.8141090869903564,0.8141090869903564
37,34,-0.8141809701919556,0.8141809701919556
37,35,-0.8210036754608154,0.8210036754608154
37,36,-0.8073805570602417,0.8073805570602417
37,37,-0.8152480125427246,0.8152480125427246
37,38,-0.8168013095855713,0.8168013095855713
37,39,-0.8184937834739685,0.8184937834739685
37,40,-0.8242495656013489,0.8242495656013489
37,41,-0.8055493235588074,0.8055493235588074
37,42,-0.8025468587875366,0.8025468587875366
37,0,nan,0.8087341904640197
38,1,-0.7916311025619507,0.7916311025619507
38,2,-0.8028542399406433,0.8028542399406433
38,3,-0.810501754283905,0.810501754283905
38,4,-0.8027418851852417,0.8027418851852417
38,5,-0.7965778708457947,0.7965778708457947
38,6,-0.8054142594337463,0.8054142594337463
38,7,-0.827013373374939,0.827013373374939
38,8,-0.8162466287612915,0.8162466287612915
38,9,-0.819827675819397,0.819827675819397
38,10,-0.80666184425354,0.80666184425354
38,11,-0.8087236881256104,0.8087236881256104
38,12,-0.8095539212226868,0.8095539212226868
38,13,-0.8119578957557678,0.8119578957557678
38,14,-0.8100545406341553,0.8100545406341553
38,15,-0.8236520886421204,0.8236520886421204
38,16,-0.7874782681465149,0.7874782681465149
38,17,-0.7969433069229126,0.7969433069229126
38,18,-0.8199461698532104,0.8199461698532104
38,19,-0.7920340299606323,0.7920340299606323
38,20,-0.8213235139846802,0.8213235139846802
38,21,-0.8127233386039734,0.8127233386039734
38,22,-0.822191596031189,0.822191596031189
38,23,-0.8322492837905884,0.8322492837905884
38,24,-0.8298014402389526,0.8298014402389526
38,25,-0.8039663434028625,0.8039663434028625
38,26,-0.781665563583374,0.781665563583374
38,27,-0.7955129146575928,0.7955129146575928
38,28,-0.8115438222885132,0.8115438222885132
38,29,-0.8198388814926147,0.8198388814926147
38,30,-0.7923226356506348,0.7923226356506348
38,31,-0.803431510925293,0.803431510925293
38,32,-0.8029717206954956,0.8029717206954956
38,33,-0.824264645576477,0.824264645576477
38,34,-0.820010781288147,0.820010781288147
38,35,-0.7920718193054199,0.7920718193054199
38,36,-0.8192765712738037,0.8192765712738037
38,37,-0.8171018362045288,0.8171018362045288
38,38,-0.8034619092941284,0.8034619092941284
38,39,-0.8141858577728271,0.8141858577728271
38,40,-0.8209131956100464,0.8209131956100464
38,41,-0.8127091526985168,0.8127091526985168
38,42,-0.8078955411911011,0.8078955411911011
38,0,nan,0.8088422417640686
39,1,-0.803305447101593,0.803305447101593
39,2,-0.8188149333000183,0.8188149333000183
39,3,-0.8049072027206421,0.8049072027206421
39,4,-0.8170953989028931,0.8170953989028931
39,5,-0.8038479089736938,0.8038479089736938
